id,rank,rot1,rot2,rot3,rot4,rot5,rot6,rot7,rot8,rot9,rot10,rot11,notes
1,,FP/COMM PSY Ofelia Narvasa Ofelia Narvasa MD Chino Hills GOOD,PEDS Chi Truong Emanate Health West Covina ,SELEC - - ,SURG Michael  Jimenez Pomona Valley Hospital Medical Center Pomona ,SELEC - - ,EM M. Agron Methodist Hospital of Southern California Arcadia ,OB/GYN George  Ahad R Clinic for Women Anaheim Anaheim GOOD,PC II URGENT CARE Bruce Albert Newport Urgent Care Newport Beach ,PC III URGENT CARE Brian  Buder Concentra/US HealthWorks-East Edinger Santa  Ana ,"INT MED Ricardo Saca Ricardo Saca, MD Chino ",PC I FP/COMM PSY Luis Rivera Tustin Irvine Medical Group Irvine GOOD,surgery during XMAS
2,,FP/COMM PSY Howard Fishbein Family Care Centers Medical Group Inc Irvine GOOD,SELEC - - ,"SURG Simon B. Rayhanabad, MD & Vascular and General Surgery Associates Los Alamitos GOOD",PC I FP/COMM PSY Ofelia Narvasa Ofelia Narvasa MD Chino Hills GOOD,"PEDS Harsha Sheth R Harsha P Sheth, MD, Inc Chino ",SELEC - - ,PC II FP/COMM PSY Michael Lee Concentra Urgent Care-Pomona Pomona ,EM Kenneth Moore Pomona Valley Hospital Medical Center Pomona ,PC III URGENT CARE Bruce Albert Newport Urgent Care Newport Beach ,OB/GYN George  Ahad R Clinic for Women Anaheim Anaheim GOOD,"INT MED Ricardo Saca Ricardo Saca, MD Chino ",
3,,"FP/COMM PSY Manuel Momjian SC Physician Group, Inc. Glendale ",PEDS Chi Truong Emanate Health West Covina ,SURG Anthony Oh Emanate Health West Covina ,PC I FP/COMM PSY Manuk (Mike) Chulyan R Edgemont Medical Clinic Los Angeles ,"INT MED David  Zarian David Zarian, MD Encino ",EM Kevin Hua Emanate Health West Covina ,OB/GYN K Kevin Daneshgar R Monterey Park Hospital Monterey Park ,SELEC - - ,PC III FP/COMM PSY Alfred Lavi United Care Family Medical Center Los Angeles ,SELEC - - ,PC II CARDIO Hooman Madyoon Westside Cardiovascular Beverly Hills ,surg Nov. locations: LA & west Cov/Chino
4,,PC I INT MED Jenny  Espinoza-Marcus CDCR Department of Corrections Norco ,INT MED Kwan  Tan R Joshua Medical Cerritos GOOD,SELEC - - ,OB/GYN K Kevin Daneshgar R Monterey Park Hospital Monterey Park ,EM Kevin Hua Emanate Health West Covina ,"SURG Simon B. Rayhanabad, MD & - Los Alamitos GOOD",SELEC - - ,PC II URGENT CARE Brian  Buder Concentra/US HealthWorks-East Edinger Santa  Ana ,"PC III INT MED Viney Soni R Viney Soni, MD Fountain Valley ","PEDS Harsha Sheth R Harsha P Sheth, MD, Inc Chino ",FP/COMM PSY John Alevizos Edinger Urgent Care Santa Ana ,NO--norco
5,,INT MED Manuk (Mike) Chulyan R Edgemont Medical Clinic Los Angeles ,FP/COMM PSY Alfred Lavi United Care Family Medical Center Los Angeles ,SURG Robinson Baron Emanate Health West Covina ,"PC I FP/COMM PSY Manuel Momjian SC Physician Group, Inc. Glendale ",SELEC - - ,EM Kevin Hua Emanate Health West Covina ,SELEC - - ,OB/GYN Marlon Brooks Brooks Women's Center Granada Hills ,PC III URGENT CARE Jackson  Alparce Concentra/US Health Works Chino Chino ,PEDS Chi Truong Emanate Health West Covina ,PC II URGENT CARE Isidore Kwaw Sunset Urgent Care Hollywood ,Con: Granada Hills
6,,FP/COMM PSY Manuk (Mike) Chulyan R Edgemont Medical Clinic Los Angeles ,"INT MED Jasmin Javaherian R Jasmin Javaharian, DO Ventura ",SURG Robinson Baron Emanate Health West Covina ,PC I FP/COMM PSY Alfred Lavi United Care Family Medical Center Los Angeles ,SELEC - - ,OB/GYN K Kevin Daneshgar R Monterey Park Hospital Monterey Park ,EM Kevin Hua Emanate Health West Covina ,PC II URGENT CARE Isidore Kwaw Sunset Urgent Care Hollywood ,SELEC - - ,PEDS Chi Truong Emanate Health West Covina ,"PC III FP/COMM PSY Behzad Souferzackh R Behzad Soufer, DO, APC Sherman Oaks ",surg in Nov/ LA and West Covina
7,,EM Frank Figueroa Glendale Adventist Medical Center Glendale ,INT MED James Stewart Stewart Medical Group Alhambra ,SELEC - - ,PEDS Chi Truong Emanate Health West Covina ,"INT MED Jasmin Javaherian R Jasmin Javaharian, DO Ventura ",FP/COMM PSY Alfred Lavi United Care Family Medical Center Los Angeles ,SELEC - - ,OB/GYN K Kevin Daneshgar R Monterey Park Hospital Monterey Park ,PC III INT MED Manuk (Mike) Chulyan R Edgemont Medical Clinic Los Angeles ,SURG Raffaele Corbisiero Emanate Health West Covina ,PC II URGENT CARE Atul Bembi West Point Medical Clinic Fontana ,
8,,SELEC - - ,PC II CARDIO Hooman Madyoon Westside Cardiovascular Beverly Hills ,SURG Raffaele Corbisiero Emanate Health West Covina ,"INT MED Jasmin Javaherian R Jasmin Javaharian, DO Ventura ",PEDS Chi Truong Emanate Health West Covina ,EM Frank Figueroa Glendale Adventist Medical Center Glendale ,PC I FP/COMM PSY Sharnjeet  Dosanjh Clinica Medical General Los Angeles ,OB/GYN K Kevin Daneshgar Century Women Medical Group Inc. Los Angeles ,"FP/COMM PSY Manuel Momjian SC Physician Group, Inc. Glendale ",SELEC - - ,PC III URGENT CARE Isidore Kwaw Sunset Urgent Care Hollywood ,"location: LA, glendale, west covina"
9,,FP/COMM PSY Laura Norton Norton Delgado Family Medicine Rancho Cucamonga ,PC I FP/COMM PSY Ofelia Narvasa Ofelia Narvasa MD Chino Hills GOOD,SURG Michael  Jimenez Pomona Valley Hospital Medical Center Pomona ,OB/GYN Reza Ahmadinia St. Mary Medical Center Apple Valley ,PEDS Reza Ahmadinia St. Mary Medical Center Apple Valley ,EM Frank Figueroa Glendale Adventist Medical Center Glendale ,SELEC - - ,INT MED Gerald Ho Arthritis Center Alhambra ,PC III URGENT CARE Jane Himmelvo Above Urgent Care Center Montclair ,SELEC - - ,PC II URGENT CARE Thuy Nguyen Central Urgent Medical Care Montclair ,CON: Apple Valley
10,,"INT MED Abayomi Odubela R Abayomi Odubela, MD Temecula ",FP/COMM PSY Ofelia Narvasa Ofelia Narvasa MD Chino Hills GOOD,SURG Anthony Oh Emanate Health West Covina ,OB/GYN Reza Ahmadinia - Apple Valley ,PEDS Reza Ahmadinia - Apple Valley ,EM Naomi Bjornstad St. Bernadine Medical Center San Bernardino ,PC I FP/COMM PSY Wendy Rashidi Women's View Medical Group Upland ,SELEC - - ,"PC III URGENT CARE Walter Jones, III Redlands Yucaipa Medical Group Redlands ",SELEC - - ,PC II INT MED Gerald Ho Arthritis Center Alhambra ,CON: Redlands
11,,FP/COMM PSY Luis Rivera Tustin Irvine Medical Group Irvine GOOD,INT MED Gerald Ho Arthritis Center Alhambra ,SURG - - ,PC I FP/COMM PSY Ofelia Narvasa Ofelia Narvasa MD Chino Hills GOOD,PEDS Chi Truong Emanate Health West Covina ,EM Frank Figueroa Glendale Adventist Medical Center Glendale ,SELEC - - ,PC II URGENT CARE John Alevizos Edinger Urgent Care Santa Ana ,SELEC - - ,OB/GYN Alfred Lavi United Care Family Medical Center Los Angeles ,PC III URGENT CARE Brian  Buder Concentra/US HealthWorks-East Edinger Santa  Ana ,
12,,PC II URGENT CARE Jackson  Alparce Concentra/US Health Works Chino Chino ,FP/COMM PSY Ofelia Narvasa Ofelia Narvasa MD Chino Hills GOOD,OB/GYN George  Ahad R Clinic for Women Anaheim Anaheim GOOD,SELEC - - ,PC I FP/COMM PSY John Cheng South Coast Medical Group Aliso Viejo ,SELEC - - ,EM M. Agron Methodist Hospital of Southern California Arcadia ,PEDS Chi Truong Emanate Health West Covina ,PC III FP/COMM PSY Luis Rivera Tustin Irvine Medical Group Irvine GOOD,INT MED Gerald Ho Arthritis Center Alhambra ,SURG Michael  Jimenez Pomona Valley Hospital Medical Center Pomona ,
13,,INT MED Kwan  Tan R Joshua Medical Cerritos GOOD,FP/COMM PSY Luis Rivera Tustin Irvine Medical Group Irvine GOOD,PC II NEURO Faisal Qazi The Neurology Group Pomona ,SELEC - - ,PC I FP/COMM PSY Ofelia Narvasa Ofelia Narvasa MD Chino Hills GOOD,PEDS Chi Truong Emanate Health West Covina ,EM Kevin Hua Emanate Health West Covina ,OB/GYN George  Ahad R Clinic for Women Anaheim Anaheim GOOD,SURG Raffaele Corbisiero Emanate Health West Covina ,PC III URGENT CARE John Cheng South Coast Medical Group Aliso Viejo ,SELEC - - ,
14,,PC II URGENT CARE Isidore Kwaw Sunset Urgent Care Hollywood ,OB/GYN K Kevin Daneshgar R Monterey Park Hospital Monterey Park ,INT MED Manuk (Mike) Chulyan R Edgemont Medical Clinic Los Angeles ,SELEC - - ,PC I FP/COMM PSY Ofelia Narvasa Ofelia Narvasa MD Chino Hills GOOD,SELEC - - ,EM Alyssa Weiner R RUHS (Riverside University Health System) Moreno Valley ,FP/COMM PSY Sharnjeet  Dosanjh Clinica Medical General Los Angeles ,SURG Raffaele Corbisiero Emanate Health West Covina ,"PEDS Elliot Weinstein Elliot Weinstein, MD Rancho Cucamonga ","PC III FP/COMM PSY Manuel Momjian SC Physician Group, Inc. Glendale ",
15,,OB/GYN George  Ahad R Clinic for Women Anaheim Anaheim GOOD,PC II GASTRO Dennis Riff Associated Gastroenterology Medical Group Anaheim GOOD,"INT MED Viney Soni R Viney Soni, MD Fountain Valley ",EM Kevin Hua Emanate Health West Covina ,"PC I INT MED Ricardo Saca Ricardo Saca, MD Chino ",PEDS Chi Truong Emanate Health West Covina ,FP/COMM PSY Ofelia Narvasa Ofelia Narvasa MD Chino Hills GOOD,SELEC - - ,PC III URGENT CARE Bruce Albert Newport Urgent Care Newport Beach ,"SURG Simon B. Rayhanabad, MD & Lakewood Regional Medical Center Lakewood GOOD",SELEC - - ,
16,,PC II URGENT CARE Bruce Albert Newport Urgent Care Newport Beach ,FP/COMM PSY Trang Sparks WesternU/Patient Care Center Pomona ,SELEC - - ,SURG Robinson Baron Emanate Health West Covina ,PC I FP/COMM PSY Atul Bembi West Point Medical Clinic Fontana ,SELEC - - ,EM Frank Figueroa Glendale Adventist Medical Center Glendale ,INT MED Manuk (Mike) Chulyan R Edgemont Medical Clinic Los Angeles ,PEDS Chi Truong Emanate Health West Covina ,PC III FP/COMM PSY John Alevizos Edinger Urgent Care Santa Ana ,OB/GYN George  Ahad R Clinic for Women Anaheim Anaheim GOOD,
17,,PC II URGENT CARE Isidore Kwaw Sunset Urgent Care Hollywood ,"FP/COMM PSY Manuel Momjian SC Physician Group, Inc. Glendale ","INT MED Jasmin Javaherian R Jasmin Javaharian, DO Ventura ",SURG Robinson Baron Emanate Health West Covina ,PC I INT MED Manuk (Mike) Chulyan R Edgemont Medical Clinic Los Angeles ,SELEC - - ,SELEC - - ,IN Frank Figueroa Glendale Adventist Medical Center Glendale ,"PC III FP / COMM PSY Behzad Souferzackh R Behzad Soufer, DO, APC Sherman Oaks ",PEDS Alfred Lavi United Care Family Medical Center Los Angeles ,OB/GYN George  Ahad R Clinic for Women Anaheim Anaheim GOOD,
18,,"PC II INT MED Jasmin Javaherian R Jasmin Javaharian, DO Ventura 09/01 / 22-09 / 30/22 FALL","FP/COMM PSY Manuel Momjian SC Physician Group, Inc. Glendale ",INT MED James Stewart Stewart Medical Group Alhambra ,SURG Raffaele Corbisiero Emanate Health West Covina ,PC I FP/COMM PSY Alfred Lavi United Care Family Medical Center Los Angeles ,SELEC - - ,OB/GYN K Kevin Daneshgar R Monterey Park Hospital Monterey Park ,IN Kevin Hua Emanate Health West Covina ,PC III URGENT CARE Isidore Kwaw Sunset Urgent Care Hollywood ,SELEC - - ,PEDS Alfred Lavi United Care Family Medical Center Los Angeles ,
19,,PC II URGENT CARE Raffi Kazazian R Prohealth Glendale Occupational Medical Group Glendale ,OB/GYN K Kevin Daneshgar R Monterey Park Hospital Monterey Park ,"INT MED David Zarian David Zarian, MD Encino ",SURG Raffaele Corbisiero Emanate Health West Covina ,PC I INT MED Manuk (Mike) Chulyan R Edgemont Medical Clinic Los Angeles ,PEDS Alfred Lavi United Care Family Medical Center Los Angeles ,IN Kevin Hua Emanate Health West Covina ,SELEC - - ,"PC III INT MED Jasmin Javaherian R Jasmin Javaharian, DO Ventura ",FP/COMM PSY Sharnjeet  Dosanjh Clinica Medical General Los Angeles ,SELEC - - ,
20,,FP/COMM PSY Michael Lee Concentra Urgent Care-Pomona Pomona 09/01 / 22-09 / 30/22,PC II URGENT CARE Jane Himmelvo Above Urgent Care Center Montclair ,"INT MED Ricardo Saca Ricardo Saca, MD Chino 01/11/22 - 11/30/22 FALL",SURG Anthony Oh Emanate Health West Covina ,PC I INT MED Gerald Ho Arthritis Center Alhambra ,OB/GYN Reza Ahmadinia St. Mary Medical Center Apple Valley ,IN Joseph Casas St. Mary Medical Center Apple Valley ,SELEC - - ,PC III FP/COMM PSY Thomas Oliveira Thomas Oliveira DO Lake Elsinore ,PEDS Reza Ahmadinia - Apple Valley ,SELEC - - ,
21,,PC II GASTRO Dennis Riff Associated Gastroenterology Medical Group Anaheim GOOD,FP/COMM PSY Atul Bembi West Point Medical Clinic Fontana  SPRING,PC I FP/COMM PSY Ofelia Narvasa Ofelia Narvasa MD Chino Hills GOOD,OB/GYN Marlon Brooks Providence Holy Cross Mission Hills GOOD,IN Kevin Hua Emanate Health West Covina ,PEDS Chi Truong Emanate Health West Covina ,SURG David Wong ARMC-Graduate Medical Education Colton ,SELEC - - ,PC III URGENT CARE Thuy Nguyen Central Urgent Medical Care Montclair ,INT MED Kwan  Tan R Joshua Medical Cerritos GOOD,SELEC - - ,
22,,PC II URGENT CARE Jackson  Alparce Concentra/US Health Works Chino Chino ,FP/COMM PSY Gary Linnemann R Pacific Medical Clinic Santa Ana ,"INT MED James Song James Song, MD Hacienda Heights ",SURG David Wong ARMC-Graduate Medical Education Colton ,PC I FP/COMM PSY Laura Norton Norton Delgado Family Medicine Rancho Cucamonga ,OB/GYN Reza Ahmadinia - Apple Valley ,SELEC - - ,PEDS Chi Truong Emanate Health West Covina ,"PC III INT MED James Song James Song, MD Hacienda Heights ",IN Frank Figueroa Glendale Adventist Medical Center Glendale ,SELEC - - ,
23,,PC II URGENT CARE Atul Bembi West Point Medical Clinic Fontana ,SELEC - - ,OB/GYN K Kevin Daneshgar R Monterey Park Hospital Monterey Park ,SURG Anthony Oh Emanate Health West Covina ,PC I FP/COMM PSY Wendy Rashidi Women's View Medical Group Upland ,PEDS Atul Bembi West Point Medical Clinic Fontana ,EM Naomi Bjornstad St. Bernadine Medical Center San Bernardino ,"INT MED James Song James Song, MD Hacienda Heights ",PC III FP/COMM PSY Ofelia Narvasa Ofelia Narvasa MD Chino Hills GOOD,FP/COMM PSY Thomas Oliveira Thomas Oliveira DO Lake Elsinore ,SELEC - - ,
24,,OB / GYN Alfred Lavi United Care Family Medical Center Los Angeles ,PC II URGENT CARE Brian  Buder Concentra/US HealthWorks-East Edinger Santa  Ana ,FP/COMM PSY Gary Linnemann R Pacific Medical Clinic Santa Ana ,"INT MED James Song James Song, MD Hacienda Heights ",SELEC - - ,PC I INT MED Kwan  Tan R Joshua Medical Cerritos GOOD,PEDS Chi Truong Emanate Health West Covina ,EM M. Agron Methodist Hospital of Southern California Arcadia ,SURG Raffaele Corbisiero Emanate Health West Covina ,PC III URGENT CARE Bruce Albert Newport Urgent Care Newport Beach ,SELEC - - ,
25,,SELEC - - ,OB/GYN K Kevin Daneshgar R Monterey Park Hospital Monterey Park ,FP/COMM PSY Howard Fishbein Family Care Centers Medical Group Inc Irvine GOOD,PC II GASTRO Dennis Riff Associated Gastroenterology Medical Group Anaheim GOOD,"SURG Simon B. Rayhanabad, MD & Vascular and General Surgery Associates Los Alamitos GOOD",PC I FP/COMM PSY Ofelia Narvasa Ofelia Narvasa MD Chino Hills GOOD,PEDS Chi Truong Emanate Health West Covina  SUMMER,SELEC - - ,"INT MED Viney Soni R Viney Soni, MD Fountain Valley ",PC III URGENT CARE John Cheng South Coast Medical Group Aliso Viejo ,EM M. Agron Methodist Hospital of Southern California Arcadia ,
26,,OB/GYN Reza Ahmadinia - Apple Valley ,FP/COMM PSY Thomas Oliveira Thomas Oliveira DO Lake Elsinore ,PC II FP/COMM PSY Trang Sparks WesternU/Patient Care Center Pomona ,"INT MED Anita Kundi R Anita Kundi, DO Chino ",EM Kenneth Moore Pomona Valley Hospital Medical Center Pomona ,PEDS Sushil Anand Sunshine Pediatrics Upland ,SELEC - - ,PC I FP/COMM PSY Wendy Rashidi Women's View Medical Group Upland ,SELEC - - ,SURG Michael  Jimenez Pomona Valley Hospital Medical Center Pomona ,PC III FP/COMM PSY Ofelia Narvasa Ofelia Narvasa MD Chino Hills GOOD,
27,,SELEC - - ,OB/GYN K Kevin Daneshgar R Monterey Park Hospital Monterey Park ,FP/COMM PSY Luis Rivera Tustin Irvine Medical Group Irvine GOOD,"INT MED Viney Soni R Viney Soni, MD Fountain Valley ",PC II FP/COMM PSY Luis Rivera Tustin Irvine Medical Group Irvine GOOD,PC I FP/COMM PSY John Cheng South Coast Medical Group Aliso Viejo ,SELEC - - ,SURG Michael  Jimenez Pomona Valley Hospital Medical Center Pomona ,PC III FP/COMM PSY John Alevizos Edinger Urgent Care Santa Ana ,IN Frank Figueroa Glendale Adventist Medical Center Glendale ,"PEDS Elliot Weinstein Elliot Weinstein, MD Rancho Cucamonga ",
28,,OB/GYN K Kevin Daneshgar R Monterey Park Hospital Monterey Park ,PC II URGENT CARE Isidore Kwaw Sunset Urgent Care Hollywood ,"FP/COMM PSY Manuel Momjian SC Physician Group, Inc. Glendale ","INT MED David Zarian David Zarian, MD Encino ",SURG Simon Keushkerian Surgical MultiSpecialties Glendale ,"PC I FP/COMM PSY Manuel Momjian SC Physician Group, Inc. Glendale ",PEDS Chi Truong Emanate Health West Covina ,IN Frank Figueroa Glendale Adventist Medical Center Glendale ,"PC III INT MED David Zarian David Zarian, MD Encino ",SELEC - - ,SELEC - - ,
29,,SELEC - - ,PC II URGENT CARE Raffi Kazazian R Prohealth Glendale Occupational Medical Group Glendale ,FP/COMM PSY Alfred Lavi United Care Family Medical Center Los Angeles ,INT MED Manuk (Mike) Chulyan R Edgemont Medical Clinic Los Angeles ,IN Kevin Hua Emanate Health West Covina ,"PEDS Harsha Sheth R Harsha P Sheth, MD, Inc Chino ",SELEC - - ,OB/GYN K Kevin Daneshgar R Monterey Park Hospital Monterey Park ,PC III URGENT CARE Isidore Kwaw Sunset Urgent Care Hollywood ,SURG Simon Keushkerian Glendale Adventist Medical Center Glendale ,"PC I FP/COMM PSY Manuel Momjian SC Physician Group, Inc. Glendale ",
30,,SELEC - - ,"PC II URGENT CARE Walter Jones, III Redlands Yucaipa Medical Group Redlands ",SELEC - - ,INT MED James Stewart Stewart Medical Group Alhambra ,SURG Raffaele Corbisiero Emanate Health West Covina ,EM Kenneth Moore Pomona Valley Hospital Medical Center Pomona ,OB / GYN Alfred Lavi United Care Family Medical Center Los Angeles ,PC I FP/COMM PSY Thomas Oliveira Thomas Oliveira DO Lake Elsinore ,PEDS Atul Bembi West Point Medical Clinic Fontana ,PC III URGENT CARE Brian  Buder Concentra/US HealthWorks-East Edinger Santa  Ana ,FP/COMM PSY Thomas Oliveira Thomas Oliveira DO Lake Elsinore ,
31,,PC I FP/COMM PSY Thomas Oliveira Thomas Oliveira DO Lake Elsinore ,PC II URGENT CARE Jackson  Alparce Concentra/US Health Works Chino Chino ,SELEC - - ,SELEC - - ,SURG Raffaele Corbisiero Emanate Health West Covina ,OB/GYN K Kevin Daneshgar Century Women Medical Group Inc. Los Angeles ,PEDS Alfred Lavi United Care Family Medical Center Los Angeles ,IN Kevin Hua Emanate Health West Covina ,"INT MED Jasmin Javaherian R Jasmin Javaharian, DO Ventura ",PC III FP/COMM PSY John Alevizos Edinger Urgent Care Santa Ana ,FP/COMM PSY Wendy Rashidi Women's View Medical Group Upland ,
32,,OB/GYN Reza Ahmadinia St. Mary Medical Center Apple Valley ,PEDS Reza Ahmadinia St. Mary Medical Center Apple Valley ,FP/COMM PSY Tony Lee Kaiser Permanente San Bernardino San Bernardino ,SELEC - - ,SURG Anthony Oh Emanate Health West Covina ,"PC I INT MED Ricardo Saca Ricardo Saca, MD Chino 01/02/23 - 02/28/23 SPRING",SELEC - - ,IN Joseph Casas St. Mary Medical Center Apple Valley ,PC II FP/COMM PSY Thomas Oliveira Thomas Oliveira DO Lake Elsinore ,"INT MED James Song James Song, MD Hacienda Heights ",PC III FP/COMM PSY Atul Bembi West Point Medical Clinic Fontana ,
33,,FP/COMM PSY Wendy Rashidi Women's View Medical Group Upland ,PC II URGENT CARE Jackson  Alparce Concentra/US Health Works Chino Chino ,INT MED Manuk (Mike) Chulyan R Edgemont Medical Clinic Los Angeles ,PC I FP/COMM PSY John Alevizos Edinger Urgent Care Santa Ana ,SELEC - - ,OB/GYN Reza Ahmadinia - Apple Valley ,PEDS Reza Ahmadinia - Apple Valley ,EM Kenneth Moore Pomona Valley Hospital Medical Center Pomona ,PC III FP/COMM PSY Howard Fishbein Family Care Centers Medical Group Inc Irvine GOOD,SURG Anthony Oh Emanate Health West Covina ,SELEC - - ,
34,,PEDS Chi Truong Emanate Health West Covina ,SELEC - - ,PC II URGENT CARE Brian  Buder Concentra/US HealthWorks-East Edinger Santa  Ana ,FP/COMM PSY Luis Rivera - Santa Ana GOOD,SURG David Wong ARMC-Graduate Medical Education Colton ,SELEC - - ,PC I FP/COMM PSY John Cheng South Coast Medical Group Aliso Viejo ,IN Kevin Hua Emanate Health West Covina ,INT MED Kwan  Tan R Joshua Medical Cerritos GOOD,PC III INT MED Jenny  Espinoza-Marcus CDCR Department of Corrections Norco ,OB/GYN K Kevin Daneshgar Century Women Medical Group Inc. Los Angeles ,
35,,EM M. Agron Methodist Hospital of Southern California Arcadia ,SELEC - - ,SELEC - - ,PC II URGENT CARE Jackson  Alparce Concentra/US Health Works Chino Chino ,"INT MED James Song James Song, MD Hacienda Heights ",SURG Anthony Oh Emanate Health West Covina ,"PC I INT MED Ricardo Saca Ricardo Saca, MD Chino ","PEDS Elliot Weinstein Elliot Weinstein, MD Rancho Cucamonga ",OB/GYN Reza Ahmadinia - Apple Valley ,PC III INT MED Manuk (Mike) Chulyan R Edgemont Medical Clinic Los Angeles ,FP/COMM PSY Manuk (Mike) Chulyan R Edgemont Medical Clinic Los Angeles ,
36,,SELEC - - ,PC II CARDIO Ramanna Merla R Chaparral Medical Group Pomona Pomona GOOD,OB/GYN Reza Ahmadinia - Apple Valley ,PC I INT MED Jenny Espinoza-Marcus CDCR Department of Corrections Norco ,"INT MED Abayomi Odubela R Abayomi Odubela, MD Temecula ",SURG David Wong ARMC-Graduate Medical Education Colton ,FP/COMM PSY Thomas Oliveira Thomas Oliveira DO Lake Elsinore ,SELEC - - ,EM Alyssa Weiner R RUHS (Riverside University Health System) Moreno Valley ,"PC III URGENT CARE Walter Jones, III Redlands Community Hospital Redlands ",PEDS Reza Ahmadinia - Apple Valley ,
37,,SELEC - - ,SELEC - - ,PC II URGENT CARE Atul Bembi West Point Medical Clinic Fontana ,FP/COMM PSY Trang Sparks WesternU/Patient Care Center Pomona ,"INT MED Viney Soni R Viney Soni, MD Fountain Valley ",SURG Michael  Jimenez Pomona Valley Hospital Medical Center Pomona ,PC I FP/COMM PSY John Cheng South Coast Medical Group Aliso Viejo ,OB/GYN K Kevin Daneshgar Century Women Medical Group Inc. Los Angeles ,IN Kevin Hua Emanate Health West Covina ,PC III URGENT CARE Jackson  Alparce Concentra/US Health Works Chino Chino ,PEDS Atul Bembi West Point Medical Clinic Fontana ,
38,,SELEC - - ,PC I FP/COMM PSY John Alevizos Edinger Urgent Care Santa Ana ,PC II URGENT CARE Isidore Kwaw Sunset Urgent Care Hollywood ,"FP/COMM PSY Manuel Momjian SC Physician Group, Inc. Glendale ",INT MED Manuk (Mike) Chulyan R Edgemont Medical Clinic Los Angeles ,IN Kevin Hua Emanate Health West Covina ,OB/GYN K Kevin Daneshgar Century Women Medical Group Inc. Los Angeles ,PEDS Chi Truong Emanate Health West Covina ,SELEC - - ,PC III INT MED James Stewart Stewart Medical Group Alhambra ,SURG Raffaele Corbisiero Emanate Health West Covina ,
39,,EM Frank Figueroa Glendale Adventist Medical Center Glendale ,SELEC - - ,PC II URGENT CARE Thuy Nguyen Central Urgent Medical Care Montclair ,FP/COMM PSY Alfred Lavi United Care Family Medical Center Los Angeles ,INT MED James Stewart Stewart Medical Group Alhambra ,SURG Robinson Baron Emanate Health West Covina ,PC I INT MED Jenny Espinoza-Marcus CDCR Department of Corrections Norco  FALL,SELEC - - ,OB/GYN K Kevin Daneshgar Century Women Medical Group Inc. Los Angeles ,PC III INT MED Manuk (Mike) Chulyan R Edgemont Medical Clinic Los Angeles ,PEDS Viet  Hoang R Makena Pediatrics Arcadia ,
40,,EM Alyssa Weiner R RUHS (Riverside University Health System) Moreno Valley ,SELEC - - ,PC II URGENT CARE Jane Himmelvo Above Urgent Care Center Montclair ,OB / GYN Alfred Lavi United Care Family Medical Center Los Angeles ,FP/COMM PSY Laura Norton Norton Delgado Family Medicine Rancho Cucamonga ,SURG Simon Keushkerian Glendale Adventist Medical Center Glendale ,PC I INT MED Manuk (Mike) Chulyan R Edgemont Medical Clinic Los Angeles ,PEDS Sushil Anand Sunshine Pediatrics Upland ,PC III URGENT CARE Thuy Nguyen Central Urgent Medical Care Montclair ,"INT MED Jasmin Javaherian R Jasmin Javaharian, DO Ventura ",SELEC - - ,
41,,OB/GYN Reza Ahmadinia St. Mary Medical Center Apple Valley ,SELEC - - ,PC II GASTRO Fernando  Ibarra R Monterey Park Hospital Monterey Park ,FP/COMM PSY Thomas Oliveira Thomas Oliveira DO Lake Elsinore ,"INT MED James Song James Song, MD Hacienda Heights ",SURG Raffaele Corbisiero Emanate Health West Covina ,"PC I INT MED Jasmin Javaherian R Jasmin Javaharian, DO Ventura ","PEDS Harsha Sheth R Harsha P Sheth, MD, Inc Chino ",EM Tiana Davison R San Gorgonio Memorial Hospital Banning ,PC III FP/COMM PSY Trang Sparks WesternU/Patient Care Center Pomona ,SELEC - - ,
42,,EM Kevin Hua Emanate Health West Covina ,FP/COMM PSY Wendy Rashidi Women's View Medical Group Upland ,PC II URGENT CARE Jackson  Alparce Concentra/US Health Works Chino Chino ,SELEC - - ,"INT MED Anita Kundi R Anita Kundi, DO Chino ",SURG Anthony Oh Emanate Health West Covina ,PC I FP/COMM PSY John Alevizos Edinger Urgent Care Santa Ana ,SELEC - - ,OB/GYN Reza Ahmadinia - Apple Valley ,PEDS Reza Ahmadinia - Apple Valley ,"PC III URGENT CARE Walter Jones, III Redlands Yucaipa Medical Group Redlands ",
43,,E. M. Joseph Casas St. Mary Medical Center Apple Valley ,SELEC - - ,PC II URGENT CARE Jackson  Alparce Concentra/US Health Works Chino Chino ,FP/COMM PSY Wendy Rashidi Women's View Medical Group Upland ,PEDS Sushil Anand Sunshine Pediatrics Upland ,SURG Raffaele Corbisiero Emanate Health West Covina ,"PC I INT MED James Song James Song, MD Hacienda Heights ","INT MED Anita Kundi R Anita Kundi, DO Chino ",OB/GYN Reza Ahmadinia - Apple Valley ,"PC III FP/COMM PSY Manuel Momjian SC Physician Group, Inc. Glendale ",SELEC - - ,
44,,PEDS Chi Truong Emanate Health West Covina ,EM M. Agron Methodist Hospital of Southern California Arcadia ,PC II FP/COMM PSY John Alevizos Edinger Urgent Care Santa Ana ,INT MED Kwan  Tan R Joshua Medical Cerritos GOOD,FP/COMM PSY Gary Linnemann R Pacific Medical Clinic Santa Ana ,OB/GYN Reza Ahmadinia - Apple Valley ,SURG Anthony Oh Emanate Health West Covina ,PC I FP/COMM PSY Ofelia Narvasa Ofelia Narvasa MD Chino Hills GOOD,SELEC - - ,SELEC - - ,PC III URGENT CARE Jackson  Alparce Concentra/US Health Works Chino Chino ,
45,,"PEDS Elliot Weinstein Elliot Weinstein, MD Rancho Cucamonga ",SELEC - - ,OB/GYN K Kevin Daneshgar R Monterey Park Hospital Monterey Park ,PC II URGENT CARE Thuy Nguyen Central Urgent Medical Care Montclair ,FP/COMM PSY Ofelia Narvasa Ofelia Narvasa MD Chino Hills GOOD,INT MED James Stewart Stewart Medical Group Alhambra ,SURG Anthony Oh Emanate Health West Covina ,PC I FP/COMM PSY Trang Sparks WesternU/Patient Care Center Pomona ,SELEC - - ,PC III FP/COMM PSY Thomas Oliveira Thomas Oliveira DO Lake Elsinore ,EM Alyssa Weiner R RUHS (Riverside University Health System) Moreno Valley ,
46,,SELEC - - ,OB/GYN George  Ahad R Clinic for Women Anaheim Anaheim GOOD,IN Frank Figueroa Glendale Adventist Medical Center Glendale ,PC II FP/COMM PSY Thomas Oliveira Thomas Oliveira DO Lake Elsinore ,FP/COMM PSY Laura Norton Norton Delgado Family Medicine Rancho Cucamonga ,PC I FP/COMM PSY Wendy Rashidi Women's View Medical Group Upland ,SURG Anthony Oh Emanate Health West Covina ,INT MED Jenny Espinoza-Marcus CDCR Department of Corrections Norco ,PEDS Reza Ahmadinia - Apple Valley ,SELEC - - ,PC III FP/COMM PSY Michael Lee Concentra Urgent Care-Pomona Pomona ,
47,,OB/GYN Marlon Brooks Brooks Women's Center Granada Hills ,SELEC - - ,SELEC - - ,PC II INT WITH Gerald Ho Arthritis Center Alhambra ,"FP/COMM PSY Manuel Momjian SC Physician Group, Inc. Glendale ","INT MED James Song James Song, MD Hacienda Heights ",EM Kenneth Moore Pomona Valley Hospital Medical Center Pomona ,"PC I FP / COMM PSY Behzad Souferzackh R Behzad Soufer, DO, APC Sherman Oaks ","PEDS Harsha Sheth R Harsha P Sheth, MD, Inc Chino ",PC III URGENT CARE Stephen Turay Kaiser Permanente Ontario Ontario ,SURG Raffaele Corbisiero Emanate Health West Covina ,
48,,PEDS Alfred Lavi United Care Family Medical Center Los Angeles ,IN Kevin Hua Emanate Health West Covina ,OB/GYN Marlon Brooks Brooks Women's Center Granada Hills ,PC II CARDIO Ramanna Merla R Chaparral Medical Group Pomona Pomona GOOD,SELEC - - ,"INT MED Jasmin Javaherian R Jasmin Javaharian, DO Ventura ",SURG Raffaele Corbisiero Emanate Health West Covina ,PC II URGENT CARE Isidore Kwaw Sunset Urgent Care Hollywood ,"FP/COMM PSY Manuel Momjian SC Physician Group, Inc. Glendale ","PC III INT MED David  Zarian David Zarian, MD Encino ",SELEC - - ,
49,,SELEC - - ,SELEC - - ,INT MED Kwan  Tan R Joshua Medical Cerritos GOOD,OB/GYN George  Ahad R Clinic for Women Anaheim Anaheim GOOD,FP/COMM PSY Howard Fishbein Family Care Centers Medical Group Inc Irvine GOOD,PC II URGENT CARE Bruce Albert Newport Urgent Care Newport Beach ,"SURG Simon B. Rayhanabad, MD & Vascular and General Surgery Associates Los Alamitos GOOD",PC I FP/COMM PSY John Cheng South Coast Medical Group Aliso Viejo ,PEDS Chi Truong Emanate Health West Covina ,PC III FP/COMM PSY Luis Rivera Tustin Irvine Medical Group Irvine GOOD,IN Frank Figueroa Glendale Adventist Medical Center Glendale ,
50,,SELEC - - ,SELEC - - ,OB/GYN Reza Ahmadinia - Apple Valley ,PC II URGENT CARE Thuy Nguyen Central Urgent Medical Care Montclair ,PEDS Reza Ahmadinia - Apple Valley ,"INT MED Anita Kundi R Anita Kundi, DO Chino ",SURG Michael  Jimenez Pomona Valley Hospital Medical Center Pomona ,"PC I FP/COMM PSY Manuel Momjian SC Physician Group, Inc. Glendale ",FP/COMM PSY Ofelia Narvasa Ofelia Narvasa MD Chino Hills GOOD,PC III URGENT CARE Isidore Kwaw Sunset Urgent Care Hollywood ,IN Kevin Hua Emanate Health West Covina ,
51,,SELEC - - ,PC I INT MED Manuk (Mike) Chulyan R Edgemont Medical Clinic Los Angeles ,PEDS Alfred Lavi United Care Family Medical Center Los Angeles ,"INT MED Jasmin Javaherian R Jasmin Javaharian, DO Ventura ",FP/COMM PSY Trang Sparks WesternU/Patient Care Center Pomona ,IN Frank Figueroa Glendale Adventist Medical Center Glendale ,SURG Simon Keushkerian Glendale Adventist Medical Center Glendale ,PC II URGENT CARE Jackson  Alparce Concentra/US Health Works Chino Chino ,OB/GYN K Kevin Daneshgar R Monterey Park Hospital Monterey Park ,SELEC - - ,PC III FP/COMM PSY Alfred Lavi United Care Family Medical Center Los Angeles ,
52,,SELEC - - ,EM Joseph Casas St. Mary Medical Center Apple Valley ,INT MED Manuk (Mike) Chulyan R Edgemont Medical Clinic Los Angeles ,PC II URGENT CARE Jane Himmelvo Above Urgent Care Center Montclair ,FP/COMM PSY - - ,OB/GYN K Kevin Daneshgar R Monterey Park Hospital Monterey Park ,SURG - - ,"PC I INT MED Jasmin Javaherian R Jasmin Javaharian, DO Ventura ",PEDS K Kevin Daneshgar Century Women Medical Group Inc. Los Angeles ,SELEC - - ,PC III FP/COMM PSY Alfred Lavi United Care Family Medical Center Los Angeles ,
53,,OB/GYN Reza Ahmadinia - Apple Valley ,EM Naomi Bjornstad St. Bernadine Medical Center San Bernardino ,PEDS Reza Ahmadinia - Apple Valley ,PC II URGENT CARE Atul Bembi West Point Medical Clinic Fontana ,FP/COMM PSY Thomas Oliveira Thomas Oliveira DO Lake Elsinore ,"INT MED Ricardo Saca Ricardo Saca, MD Chino ",SURG Raffaele Corbisiero Emanate Health West Covina ,PC I FP/COMM PSY Laura Norton Norton Delgado Family Medicine Rancho Cucamonga ,SELEC - - ,PC III URGENT CARE Jackson  Alparce Concentra/US Health Works Chino Chino ,SELEC - - ,
54,,"PEDS Harsha Sheth R Harsha P Sheth, MD, Inc Chino ",IN - - ,OB/GYN Reza Ahmadinia - Apple Valley ,PC II URGENT CARE Jackson  Alparce Concentra/US Health Works Chino Chino ,FP/COMM PSY Thomas Oliveira Thomas Oliveira DO Lake Elsinore ,"INT MED James Song James Song, MD Hacienda Heights ",SURG Robinson Baron Emanate Health West Covina ,PC I FP/COMM PSY Ofelia Narvasa Ofelia Narvasa MD Chino Hills GOOD,"PC III INT MED Ricardo Saca Ricardo Saca, MD Chino ",SELEC - - ,SELEC - - ,
55,,SELEC - - ,FP/COMM PSY Thomas Oliveira Thomas Oliveira DO Lake Elsinore ,"INT MED James Song James Song, MD Hacienda Heights ",PC II FP/COMM PSY Tony Lee Kaiser Permanente San Bernardino San Bernardino ,OB/GYN Reza Ahmadinia - Apple Valley ,PEDS Reza Ahmadinia - Apple Valley ,SURG Robinson Baron Emanate Health West Covina ,"PC I INT MED Ricardo Saca Ricardo Saca, MD Chino ",PC III URGENT CARE Stephen Turay Kaiser Permanente Ontario Ontario ,IN - - ,SELEC - - ,
56,,PC I FP/COMM PSY - - ,EM Alyssa Weiner R RUHS (Riverside University Health System) Moreno Valley ,SELEC - - ,OB/GYN Reza Ahmadinia - Apple Valley ,PC II URGENT CARE Bruce Albert Newport Urgent Care Newport Beach ,FP/COMM PSY Luis Rivera Tustin Irvine Medical Group Irvine GOOD,INT MED Kwan  Tan R Joshua Medical Cerritos GOOD,SURG - - ,SELEC - - ,PEDS Atul Bembi West Point Medical Clinic Fontana ,PC III FP/COMM PSY Howard Fishbein Family Care Centers Medical Group Inc Irvine GOOD,
57,,"PC I INT MED James Song James Song, MD Hacienda Heights ",SELEC - - ,EM M. Agron Methodist Hospital of Southern California Arcadia ,OB/GYN K Kevin Daneshgar R Monterey Park Hospital Monterey Park ,PC II URGENT CARE Atul Bembi West Point Medical Clinic Fontana ,FP/COMM PSY Laura Norton Norton Delgado Family Medicine Rancho Cucamonga ,INT MED - - ,"SURG Simon B. Rayhanabad, MD & Vascular and General Surgery Associates Los Alamitos GOOD",PEDS Sushil Anand Sunshine Pediatrics Upland ,PC III FP/COMM PSY Ofelia Narvasa Ofelia Narvasa MD Chino Hills GOOD,SELEC - - ,
58,,FP / COMM PSY Alfred Lavi United Care Family Medical Center Los Angeles ,OB/GYN Marlon Brooks Brooks Women's Center Granada Hills ,INT MED Gerald Ho Arthritis Center Alhambra ,SELEC - - ,PC II CARDIO Ramanna Merla R Chaparral Medical Group Pomona Pomona GOOD,PC I FP/COMM PSY - - ,EM Frank Figueroa Glendale Adventist Medical Center Glendale ,SELEC - - ,PEDS Alfred Lavi United Care Family Medical Center Los Angeles ,SURG Raffaele Corbisiero Emanate Health West Covina ,"PC III INT MED Jasmin Javaherian R Jasmin Javaharian, DO Ventura ",
59,,PC I INT MED - - ,PEDS Sushil Anand Sunshine Pediatrics Upland ,OB/GYN K Kevin Daneshgar R Monterey Park Hospital Monterey Park ,SELEC - - ,"PC II INT MED James Song James Song, MD Hacienda Heights ",FP/COMM PSY Ofelia Narvasa Ofelia Narvasa MD Chino Hills GOOD,INT MED - - ,EM - - ,SURG Michael  Jimenez Pomona Valley Hospital Medical Center Pomona ,PC III FP/COMM PSY Ofelia Narvasa Ofelia Narvasa MD Chino Hills GOOD,SELEC - - ,
60,,"PC I FP/COMM PSY Manuel Momjian SC Physician Group, Inc. Glendale ",SELEC - - ,IN Kevin Hua Emanate Health West Covina ,OB/GYN Marlon Brooks Brooks Women's Center Granada Hills ,PC II URGENT CARE Isidore Kwaw Sunset Urgent Care Hollywood ,FP/COMM PSY Trang Sparks WesternU/Patient Care Center Pomona ,"INT MED David Zarian David Zarian, MD Encino ",SURG Simon Keushkerian Glendale Adventist Medical Center Glendale ,"PEDS Happy Khanna Happy Khanna, MD, Inc Glendale ","PC III INT MED James Song James Song, MD Hacienda Heights ",SELEC - - ,
61,,INT MED Manuk (Mike) Chulyan R Edgemont Medical Clinic Los Angeles ,SELEC - - ,PC I FP/COMM PSY Ofelia Narvasa Ofelia Narvasa MD Chino Hills GOOD,SELEC - - ,"SELEC ENDO Marc Gutin R Marc Gutin, MD Glendora ",FP/COMM PSY Alfred Lavi United Care Family Medical Center Los Angeles ,OB/GYN Marlon Brooks Brooks Women's Center Granada Hills ,SURG Robinson Baron Emanate Health West Covina ,PEDS Viet  Hoang R Makena Pediatrics Arcadia ,PC III URGENT CARE Isidore Kwaw Sunset Urgent Care Hollywood ,IN Frank Figueroa Glendale Adventist Medical Center Glendale ,
62,,FP/COMM PSY Laura Norton Norton Delgado Family Medicine Rancho Cucamonga ,PEDS Viet  Hoang R Makena Pediatrics Arcadia ,IN Kevin Hua Emanate Health West Covina ,OB/GYN K Kevin Daneshgar R Monterey Park Hospital Monterey Park ,PC II URGENT CARE Jackson  Alparce Concentra/US Health Works Chino Chino ,PC I FP/COMM PSY Wendy Rashidi Women's View Medical Group Upland ,INT MED James Stewart Stewart Medical Group Alhambra ,SURG Raffaele Corbisiero Emanate Health West Covina ,SELEC - -  SPRING,"PC III FP/COMM PSY Manuel Momjian SC Physician Group, Inc. Glendale ",SELEC - - ,
63,,"INT MED Ricardo Saca Ricardo Saca, MD Chino ",PEDS Alfred Lavi United Care Family Medical Center Los Angeles ,IN Joseph Casas St. Mary Medical Center Apple Valley ,PC I FP/COMM PSY Laura Norton Norton Delgado Family Medicine Rancho Cucamonga ,PC II URGENT CARE Raffi Kazazian R Prohealth Glendale Occupational Medical Group Glendale ,FP/COMM PSY Laura Norton Norton Delgado Family Medicine Rancho Cucamonga ,OB/GYN K Kevin Daneshgar R Monterey Park Hospital Monterey Park ,SURG Raffaele Corbisiero Emanate Health West Covina ,SELEC - - ,PC III FP/COMM PSY Wendy Rashidi Women's View Medical Group Upland ,SELEC - - ,
64,,"INT MED James Song James Song, MD Hacienda Heights ",PEDS Atul Bembi West Point Medical Clinic Fontana ,OB/GYN Reza Ahmadinia - Apple Valley ,EM Alyssa Weiner R RUHS (Riverside University Health System) Moreno Valley ,"PC II URGENT CARE Walter Jones, III Redlands Yucaipa Medical Group Redlands ",SELEC - - ,SELEC - - ,SURG Anthony Oh Emanate Health West Covina ,FP/COMM PSY Michael Lee Concentra Urgent Care-Pomona Pomona ,PC III FP/COMM PSY Atul Bembi West Point Medical Clinic Fontana ,PC I FP/COMM PSY Thomas Oliveira Thomas Oliveira DO Lake Elsinore ,
65,,SELEC - - ,"PEDS Harsha Sheth R Harsha P Sheth, MD, Inc Chino ",IN Kevin Hua Emanate Health West Covina ,"INT MED Abayomi Odubela R Abayomi Odubela, MD Temecula ",PC II URGENT CARE Jackson  Alparce Concentra/US Health Works Chino Chino ,FP/COMM PSY Ofelia Narvasa Ofelia Narvasa MD Chino Hills GOOD,SELEC - - ,SURG Robinson Baron Emanate Health West Covina ,SELEC PC I Laura Norton Norton Delgado Family Medicine Rancho Cucamonga ,OB/GYN Marlon Brooks Providence Holy Cross Mission Hills GOOD,PC III INT MED Jenny  Espinoza-Marcus CDCR Department of Corrections Norco ,
66,,SURG Michael  Jimenez Pomona Valley Hospital Medical Center Pomona ,PC II GASTRO Dennis Riff Associated Gastroenterology Medical Group Anaheim GOOD,PEDS Sushil Anand Sunshine Pediatrics Upland ,PC I FP/COMM PSY John Alevizos Edinger Urgent Care Santa Ana ,INT MED Jenny Espinoza-Marcus CDCR Department of Corrections Norco ,EM Alyssa Weiner R RUHS (Riverside University Health System) Moreno Valley ,FP/COMM PSY Luis Rivera Tustin Irvine Medical Group Irvine GOOD,OB/GYN K Kevin Daneshgar R Monterey Park Hospital Monterey Park ,SELEC - - ,SELEC - - ,PC III URGENT CARE Bruce Albert Newport Urgent Care Newport Beach ,
67,,SURG Robinson Baron Emanate Health West Covina ,PC I FP/COMM PSY Laura Norton Norton Delgado Family Medicine Rancho Cucamonga ,"PEDS Elliot Weinstein Elliot Weinstein, MD Rancho Cucamonga ",SELEC - - ,OB/GYN Reza Ahmadinia - Apple Valley ,INT MED Jenny Espinoza-Marcus CDCR Department of Corrections Norco ,FP/COMM PSY Ofelia Narvasa Ofelia Narvasa MD Chino Hills GOOD,PC II URGENT CARE Stephen Turay Kaiser Permanente Ontario Ontario ,SELEC - - ,EM Alyssa Weiner R RUHS (Riverside University Health System) Moreno Valley ,PC III FP/COMM PSY Laura Norton Norton Delgado Family Medicine Rancho Cucamonga ,
68,,SURG Robinson Baron Emanate Health West Covina ,INT MED Jenny Espinoza-Marcus CDCR Department of Corrections Norco ,"PEDS Harsha Sheth R Harsha P Sheth, MD, Inc Chino ",FP/COMM PSY Atul Bembi West Point Medical Clinic Fontana ,OB / GYN - - ,"PC II URGENT CARE Walter Jones, III Redlands Yucaipa Medical Group Redlands ",SELEC - - ,SELEC - - ,IN Joseph Casas St. Mary Medical Center Apple Valley ,PC I FP/COMM PSY Laura Norton Norton Delgado Family Medicine Rancho Cucamonga ,PC III FP/COMM PSY Tony Lee Kaiser Permanente San Bernardino San Bernardino ,
69,,SELEC - - ,PC I INT MED Manuk (Mike) Chulyan R Edgemont Medical Clinic Los Angeles ,PEDS Chi Truong Emanate Health West Covina ,EM Kevin Hua Emanate Health West Covina ,OB/GYN K Kevin Daneshgar R Monterey Park Hospital Monterey Park ,PC II URGENT CARE Raffi Kazazian R Prohealth Glendale Occupational Medical Group Glendale ,FP/COMM PSY Trang Sparks WesternU/Patient Care Center Pomona ,"INT MED David  Zarian David Zarian, MD Encino ",SURG Robinson Baron Emanate Health West Covina ,SELEC - - ,PC III URGENT CARE Isidore Kwaw Sunset Urgent Care Hollywood ,
70,,SURG Raffaele Corbisiero Emanate Health West Covina ,SELEC - - ,OB/GYN Reza Ahmadinia - Apple Valley ,PEDS Reza Ahmadinia - Apple Valley ,EM Alyssa Weiner R RUHS (Riverside University Health System) Moreno Valley ,"INT MED Ricardo Saca Ricardo Saca, MD Chino 01/02/23 - 02/28/23 SPRING",PC I FP/COMM PSY Laura Norton Norton Delgado Family Medicine Rancho Cucamonga ,PC II URGENT CARE Jane Himmelvo Above Urgent Care Center Montclair ,FP/COMM PSY Ofelia Narvasa Ofelia Narvasa MD Chino Hills GOOD,SELEC - - ,"PC III INT MED Ricardo Saca Ricardo Saca, MD Chino ",
71,,SURG Anthony Oh Emanate Health West Covina ,"INT MED James Song James Song, MD Hacienda Heights ",SELEC - - ,IN Joseph Casas St. Mary Medical Center Apple Valley ,OB/GYN K Kevin Daneshgar R Monterey Park Hospital Monterey Park ,PC II URGENT CARE Jackson  Alparce Concentra/US Health Works Chino Chino ,FP/COMM PSY Laura Norton Norton Delgado Family Medicine Rancho Cucamonga ,PC I FP/COMM PSY Michael Lee Concentra Urgent Care-Pomona Pomona ,PEDS Chi Truong Emanate Health West Covina ,SELEC - - ,PC III FP/COMM PSY Ofelia Narvasa Ofelia Narvasa MD Chino Hills GOOD,
72,,SURG Simon Keushkerian Glendale Adventist Medical Center Glendale ,IN Frank Figueroa Glendale Adventist Medical Center Glendale ,PEDS Viet  Hoang R Makena Pediatrics Arcadia ,PC I FP/COMM PSY Manuk (Mike) Chulyan R Edgemont Medical Clinic Los Angeles ,OB/GYN Marlon Brooks Brooks Women's Center Granada Hills ,PC II CARDIO Hooman Madyoon Westside Cardiovascular Beverly Hills ,"FP/COMM PSY Manuel Momjian SC Physician Group, Inc. Glendale ",INT MED James Stewart Stewart Medical Group Alhambra ,SELEC - - ,SELEC - - ,PC III URGENT CARE Isidore Kwaw Sunset Urgent Care Hollywood ,
73,,SURG Raffaele Corbisiero Emanate Health West Covina ,PC I FP/COMM PSY Laura Norton Norton Delgado Family Medicine Rancho Cucamonga ,PEDS Chi Truong Emanate Health West Covina ,IN Kevin Hua Emanate Health West Covina ,OB / GYN Alfred Lavi United Care Family Medical Center Los Angeles ,PC II URGENT CARE Brian  Buder Concentra/US HealthWorks-East Edinger Santa  Ana ,SELEC - - ,"INT MED Viney Soni R Viney Soni, MD Fountain Valley ",FP/COMM PSY Wendy Rashidi Women's View Medical Group Upland ,SELEC - - ,PC III FP/COMM PSY Trang Sparks WesternU/Patient Care Center Pomona ,
74,,OB/GYN Reza Ahmadinia - Apple Valley ,"PC I INT MED Ricardo Saca Ricardo Saca, MD Chino 01/10/22 - 10/31/22 FALL",PEDS Reza Ahmadinia - Apple Valley ,SELEC - - ,SURG Robinson Baron Emanate Health West Covina ,PC II URGENT CARE Thuy Nguyen Central Urgent Medical Care Montclair ,"FP/COMM PSY Anita Kundi R Anita Kundi, DO Chino ","INT MED Abayomi Odubela R Abayomi Odubela, MD Temecula ",SELEC - - ,PC III FP/COMM PSY Gary Linnemann R Pacific Medical Clinic Santa Ana ,EM Tiana Davison R San Gorgonio Memorial Hospital Banning ,
75,,SELEC - - ,"INT MED James Song James Song, MD Hacienda Heights ",PEDS Chi Truong Emanate Health West Covina ,EM Naomi Bjornstad St. Bernadine Medical Center San Bernardino ,OB/GYN Reza Ahmadinia St. Mary Medical Center Apple Valley ,PC II URGENT CARE Jackson  Alparce Concentra/US Health Works Chino Chino ,FP/COMM PSY Ofelia Narvasa Ofelia Narvasa MD Chino Hills GOOD,SELEC - - ,SURG Robinson Baron Emanate Health West Covina ,"PC I INT MED Ricardo Saca Ricardo Saca, MD Chino ",PC III URGENT CARE Jane Himmelvo Above Urgent Care Center Montclair ,
76,,FP/COMM PSY Atul Bembi West Point Medical Clinic Fontana ,SELEC - - ,INT MED Jenny Espinoza-Marcus CDCR Department of Corrections Norco ,PC I INT MED Donald Steven  Combs R Bear Mountain Family Medicine Big Bear Lake ,SELEC - - ,SURG Anthony Oh Emanate Health West Covina ,"PEDS Harsha Sheth R Harsha P Sheth, MD, Inc Chino ",EM Alyssa Weiner R RUHS (Riverside University Health System) Moreno Valley ,PC III FP/COMM PSY Laura Norton Norton Delgado Family Medicine Rancho Cucamonga ,PC II CARDIO Ramanna Merla R Chaparral Medical Group Pomona Pomona GOOD,OB/GYN Reza Ahmadinia - Apple Valley ,
77,,"INT MED Gerald Ho Arthritis Center Alhambra Rheumatoid Clinic, very specialized","SURG Simon B. Rayhanabad, MD & Vascular and General Surgery Associates Los Alamitos  GOOD",EM Kenneth Moore Pomona Valley Hospital Medical Center Pomona ,"PEDS Chi Truong Emanate Health West Covina loves to teach, mostly observation",OB/GYN George  Ahad R Clinic for Women Anaheim Anaheim GOOD,PC I FP/COMM PSY John Alevizos Edinger Urgent Care Santa Ana ,PC II URGENT CARE Brian  Buder Concentra/US HealthWorks-East Edinger Santa  Ana  FALL,FP/COMM PSY Gary Linnemann R Pacific Medical Clinic Santa Ana ,SELEC - - ,SELEC - - ,PC III FP/COMM PSY Ofelia Narvasa Ofelia Narvasa MD Chino Hills GOOD,
78,,SELEC - - ,SURG Robinson Baron Emanate Health West Covina ,PC I FP/COMM PSY Laura Norton Norton Delgado Family Medicine Rancho Cucamonga ,INT MED Manuk (Mike) Chulyan R Edgemont Medical Clinic Los Angeles ,PEDS Reza Ahmadinia St. Mary Medical Center Apple Valley ,OB/GYN Reza Ahmadinia St. Mary Medical Center Apple Valley ,PC II URGENT CARE Jackson  Alparce Concentra/US Health Works Chino Chino ,FP/COMM PSY Tony Lee Kaiser Permanente San Bernardino San Bernardino ,EM Naomi Bjornstad St. Bernadine Medical Center San Bernardino ,PC III FP/COMM PSY Michael Lee Concentra Urgent Care-Pomona Pomona ,SELEC - - ,
79,,SELEC - - ,PC I FP/COMM PSY John Cheng South Coast Medical Group Aliso Viejo ,SURG Raffaele Corbisiero Emanate Health West Covina ,SELEC - - ,PEDS Chi Truong Emanate Health West Covina ,OB/GYN George  Ahad R Clinic for Women Anaheim Anaheim GOOD,PC II FP/COMM PSY Howard Fishbein Family Care Centers Medical Group Inc Irvine GOOD,FP/COMM PSY Luis Rivera Tustin Irvine Medical Group Irvine  SUMMER GOOD,EM Kevin Hua Emanate Health West Covina ,PC III FP/COMM PSY John Alevizos Edinger Urgent Care Santa Ana ,INT MED Kwan  Tan R Joshua Medical Cerritos GOOD,
80,,FP/COMM PSY Collin Teguh North Park Medical Center San Diego ,OB/GYN Anmar Mansour Contemporary OB/GYN San Diego ,INT MED - - ,SELEC - - ,EM James Nelson Pioneers Memorial Hospital Brawley ,SURG Brad Bartos Kaiser Permanente San Diego    Surgery Dept. San Diego ,PC II CARDIO Payam Mehranpour Sharp Healthcare San Diego ,PC I FP/COMM PSY Collin Teguh North Park Medical Center San Diego ,SELEC - - ,"PC III INT MED Abayomi Odubela R Abayomi Odubela, MD Temecula ",PEDS Sushil Anand Sunshine Pediatrics Upland ,
81,,SELEC - - ,SURG Raffaele Corbisiero Emanate Health West Covina ,"INT MED James Song James Song, MD Hacienda Heights ",PEDS Alfred Lavi United Care Family Medical Center Los Angeles ,IN Kevin Hua Emanate Health West Covina ,OB/GYN K Kevin Daneshgar R Monterey Park Hospital Monterey Park ,"FP/COMM PSY Manuel Momjian SC Physician Group, Inc. Glendale ",PC I INT MED Manuk (Mike) Chulyan R Edgemont Medical Clinic Los Angeles ,PC II CARDIO Ramanna Merla R Chaparral Medical Group Pomona Pomona GOOD,PC III INT MED Manuk (Mike) Chulyan R Edgemont Medical Clinic Los Angeles ,SELEC - - ,
82,,"PC II INT MED Jasmin Javaherian R Jasmin Javaharian, DO Ventura 09/01 / 22-09 / 30/22 FALL",SURG Simon Keushkerian Glendale Adventist Medical Center Glendale ,"PC I FP/COMM PSY Manuel Momjian SC Physician Group, Inc. Glendale ",PEDS Chi Truong Emanate Health West Covina ,EM M. Agron Methodist Hospital of Southern California Arcadia ,OB/GYN Marlon Brooks Brooks Women's Center Granada Hills ,INT MED Manuk (Mike) Chulyan R Edgemont Medical Clinic Los Angeles ,FP/COMM PSY Alfred Lavi United Care Family Medical Center Los Angeles ,SELEC - -  SPRING,PC III URGENT CARE Thuy Nguyen Central Urgent Medical Care Montclair ,SELEC - - ,
83,,INT MED James Stewart Stewart Medical Group Alhambra ,SURG Robinson Baron Emanate Health West Covina ,"PC I INT MED Ricardo Saca Ricardo Saca, MD Chino 01/11/22 - 11/30/22 FALL",PEDS Chi Truong Emanate Health West Covina ,OB/GYN K Kevin Daneshgar R Monterey Park Hospital Monterey Park ,IN Kevin Hua Emanate Health West Covina  FALL,SELEC - - ,FP/COMM PSY Thomas Oliveira Thomas Oliveira DO Lake Elsinore ,SELEC - - ,"PC II GASTRO Fernando Ibarra Fernando Ibarra M.D., Inc. Monterey Park ",PC III INT MED Manuk (Mike) Chulyan R Edgemont Medical Clinic Los Angeles ,
84,,"INT MED Viney Soni R Viney Soni, MD Fountain Valley 09/01 / 22-09 / 30/22 FALL",SURG Raffaele Corbisiero Emanate Health West Covina ,PC I FP/COMM PSY Thomas Oliveira Thomas Oliveira DO Lake Elsinore ,"PEDS Harsha Sheth R Harsha P Sheth, MD, Inc Chino ",SELEC - - ,FP/COMM PSY Trang Sparks WesternU/Patient Care Center Pomona ,SELEC - - ,EM Kevin Hua Emanate Health West Covina ,OB/GYN Reza Ahmadinia - Apple Valley ,PC II URGENT CARE Atul Bembi West Point Medical Clinic Fontana ,PC III URGENT CARE Jackson  Alparce Concentra/US Health Works Chino Chino ,
85,,SELEC - - ,SURG Anthony Oh Emanate Health West Covina ,OB/GYN Reza Ahmadinia St. Mary Medical Center Apple Valley ,PEDS Reza Ahmadinia St. Mary Medical Center Apple Valley ,IN Joseph Casas St. Mary Medical Center Apple Valley ,PC I FP/COMM PSY Michael Lee Concentra Urgent Care-Pomona Pomona ,INT MED Manuk (Mike) Chulyan R Edgemont Medical Clinic Los Angeles ,SELEC - - ,FP/COMM PSY Trang Sparks WesternU / Patient Care Center Pomona ,PC III URGENT CARE Thuy Nguyen Central Urgent Medical Care Montclair ,PC II GASTRO Fernando  Ibarra R Monterey Park Hospital Monterey Park ,
86,,PC II URGENT CARE Jane Himmelvo Above Urgent Care Center Montclair ,SURG David Wong ARMC-Graduate Medical Education Colton ,SELEC - - ,SELEC - - ,EM Tiana Davison R San Gorgonio Memorial Hospital Banning ,PEDS Chi Truong Emanate Health West Covina ,OB/GYN Reza Ahmadinia - Apple Valley ,PC I FP/COMM PSY Laura Norton Norton Delgado Family Medicine Rancho Cucamonga ,INT MED Manuk (Mike) Chulyan R Edgemont Medical Clinic Los Angeles ,PC III URGENT CARE Jackson  Alparce Concentra/US Health Works Chino Chino ,FP/COMM PSY Ofelia Narvasa Ofelia Narvasa MD Chino Hills GOOD,
87,,EM Tiana Davison R San Gorgonio Memorial Hospital Banning ,SURG Brad Bartos Kaiser Permanente San Diego    Surgery Dept. San Diego ,PC I INT MED - - ,PEDS Sushil Anand Sunshine Pediatrics Upland ,SELEC - - ,INT MED - - ,SELEC - - ,FP / COMM PSY John Cheng South Coast Medical Group Aliso Viejo ,PC II CARDIO Payam Mehranpour Sharp Healthcare San Diego  SPRING,OB/GYN Reza Ahmadinia St. Mary Medical Center Apple Valley ,PC III INT MED - - ,
88,,PC I FP/COMM PSY Trang Sparks WesternU/Patient Care Center Pomona ,SELEC - - ,SURG David Wong ARMC-Graduate Medical Education Colton ,FP/COMM PSY Laura Norton Norton Delgado Family Medicine Rancho Cucamonga ,"INT MED Anita Kundi R Anita Kundi, DO Chino ",SELEC - - ,PC II URGENT CARE Jane Himmelvo Above Urgent Care Center Montclair ,PEDS Reza Ahmadinia St. Mary Medical Center Apple Valley ,OB/GYN Reza Ahmadinia St. Mary Medical Center Apple Valley ,EM Tiana Davison R San Gorgonio Memorial Hospital Banning ,"PC III INT MED Abayomi Odubela R Abayomi Odubela, MD Temecula ",
89,,SELEC - - ,SURG Michael  Jimenez Pomona Valley Hospital Medical Center Pomona ,EM Alyssa Weiner R RUHS (Riverside University Health System) Moreno Valley ,"INT MED James Song James Song, MD Hacienda Heights ","PC I INT MED Jasmin Javaherian R Jasmin Javaharian, DO Ventura ","FP/COMM PSY Manuel Momjian SC Physician Group, Inc. Glendale ",PC II URGENT CARE Isidore Kwaw Sunset Urgent Care Hollywood ,PEDS Alfred Lavi United Care Family Medical Center Los Angeles ,OB/GYN K Kevin Daneshgar R Monterey Park Hospital Monterey Park ,PC III URGENT CARE Raffi Kazazian R Prohealth Glendale Occupational Medical Group Glendale ,SELEC - - ,
90,,OB/GYN K Kevin Daneshgar R Monterey Park Hospital Monterey Park ,PEDS Alfred Lavi United Care Family Medical Center Los Angeles ,"INT MED Jasmin Javaherian R Jasmin Javaharian, DO Ventura ",SELEC - - ,"FP/COMM PSY Manuel Momjian SC Physician Group, Inc. Glendale ","PC I INT MED David Zarian David Zarian, MD Encino ",SELEC - - ,PC II CARDIO Hooman Madyoon Westside Cardiovascular Beverly Hills ,PC III URGENT CARE Raffi Kazazian R Prohealth Glendale Occupational Medical Group Glendale ,EM M. Agron Methodist Hospital of Southern California Arcadia ,SURG Simon Keushkerian Glendale Adventist Medical Center Glendale ,
91,,PC II CARDIO Hooman Madyoon Westside Cardiovascular Beverly Hills ,"INT MED David Zarian David Zarian, MD Encino ","PC I INT MED Jasmin Javaherian R Jasmin Javaharian, DO Ventura ",SURG Simon Keushkerian Glendale Adventist Medical Center Glendale ,SELEC - - ,"PEDS Happy Khanna Happy Khanna, MD, Inc Glendale ",FP/COMM PSY Alfred Lavi United Care Family Medical Center Los Angeles ,SELEC - - ,OB/GYN Marlon Brooks Providence Holy Cross Mission Hills GOOD,IN Frank Figueroa Glendale Adventist Medical Center Glendale ,PC III URGENT CARE Raffi Kazazian R Prohealth Glendale Occupational Medical Group Glendale  FALL,
92,,EPSR Reza Ahmadinia St. Mary Medical Center Apple Valley ,OB/GYN Reza Ahmadinia St. Mary Medical Center Apple Valley ,PC I FP/COMM PSY Laura Norton Norton Delgado Family Medicine Rancho Cucamonga ,SELEC - - ,EM Naomi Bjornstad St. Bernadine Medical Center San Bernardino ,SURG David Wong ARMC-Graduate Medical Education Colton ,PC II URGENT CARE Jackson  Alparce Concentra/US Health Works Chino Chino ,FP/COMM PSY Atul Bembi West Point Medical Clinic Fontana ,"INT MED Jasmin Javaherian R Jasmin Javaharian, DO Ventura ",PC III URGENT CARE Jane Himmelvo Above Urgent Care Center Montclair ,SELEC - - ,
93,,OB/GYN K Kevin Daneshgar R Monterey Park Hospital Monterey Park ,SELEC - - ,SURG Simon Keushkerian Glendale Adventist Medical Center Glendale ,PEDS Chi Truong Emanate Health West Covina ,PC II CARDIO Hooman Madyoon Westside Cardiovascular Beverly Hills ,IN Kevin Hua Emanate Health West Covina ,"INT MED Jasmin Javaherian R Jasmin Javaharian, DO Ventura ","PC I INT MED James Song James Song, MD Hacienda Heights ",SELEC - - ,FP/COMM PSY Alfred Lavi United Care Family Medical Center Los Angeles ,PC III INT MED Manuk (Mike) Chulyan R Edgemont Medical Clinic Los Angeles ,
94,,PEDS Chi Truong Emanate Health West Covina ,PC I FP/COMM PSY John Cheng South Coast Medical Group Aliso Viejo ,SELEC - - ,EM M. Agron Methodist Hospital of Southern California Arcadia ,SURG Michael  Jimenez Pomona Valley Hospital Medical Center Pomona ,"INT MED Viney Soni R Viney Soni, MD Fountain Valley ",PC II GASTRO Dennis Riff Associated Gastroenterology Medical Group Anaheim GOOD,FP/COMM PSY Ofelia Narvasa Ofelia Narvasa MD Chino Hills GOOD,OB/GYN George  Ahad R Clinic for Women Anaheim Anaheim GOOD,PC III URGENT CARE Bruce Albert Newport Urgent Care Newport Beach ,SELEC - - ,
95,,FP/COMM PSY Ofelia Narvasa Ofelia Narvasa MD Chino Hills 09/01 / 22-09 / 30/22 FALL GOOD,SELEC - - ,OB/GYN Reza Ahmadinia St. Mary Medical Center Apple Valley ,PEDS Reza Ahmadinia St. Mary Medical Center Apple Valley ,SURG Anthony Oh Emanate Health West Covina ,"INT MED James Song James Song, MD Hacienda Heights ",EM Tiana Davison R San Gorgonio Memorial Hospital Banning ,PC II URGENT CARE Jackson  Alparce Concentra/US Health Works Chino Chino ,SELEC - - ,FP/COMM PSY Laura Norton Norton Delgado Family Medicine Rancho Cucamonga ,PC III URGENT CARE Thuy Nguyen Central Urgent Medical Care Montclair ,
96,,PC I FP/COMM PSY Ofelia Narvasa Ofelia Narvasa MD Chino Hills 09/01 / 22-09 / 30/22 FALL GOOD,OB/GYN Reza Ahmadinia St. Mary Medical Center Apple Valley ,PEDS Reza Ahmadinia St. Mary Medical Center Apple Valley ,SELEC - - ,FP/COMM PSY Michael Lee Concentra Urgent Care-Pomona Pomona ,SELEC - - ,"INT MED James Song James Song, MD Hacienda Heights ",PC II URGENT CARE Thuy Nguyen Central Urgent Medical Care Montclair ,SURG David Wong ARMC-Graduate Medical Education Colton ,IN Joseph Casas St. Mary Medical Center Apple Valley ,PC III URGENT CARE Stephen Turay Kaiser Permanente Ontario Ontario ,
97,,PC I FP/COMM PSY Thomas Oliveira Thomas Oliveira DO Lake Elsinore ,SELEC - - ,FP/COMM PSY Michael Lee Concentra Urgent Care-Pomona Pomona ,EM Tiana Davison R San Gorgonio Memorial Hospital Banning ,OB/GYN Reza Ahmadinia St. Mary Medical Center Apple Valley ,PEDS Reza Ahmadinia St. Mary Medical Center Apple Valley ,SURG Anthony Oh Emanate Health West Covina ,PC II CARDIO Ramanna Merla R Chaparral Medical Group Pomona Pomona GOOD,"INT MED Anita Kundi R Anita Kundi, DO Chino ",SELEC - - ,PC III FP/COMM PSY Laura Norton Norton Delgado Family Medicine Rancho Cucamonga ,
98,,SELEC - - ,SELEC - - ,FP/COMM PSY Atul Bembi West Point Medical Clinic Fontana ,PC I FP/COMM PSY Ofelia Narvasa Ofelia Narvasa MD Chino Hills GOOD,PC II GASTRO Fernando  Ibarra R Monterey Park Hospital Monterey Park ,SURG Robinson Baron Emanate Health West Covina ,INT MED Gerald Ho Arthritis Center Alhambra ,PEDS Atul Bembi West Point Medical Clinic Fontana ,EM Kenneth Moore Pomona Valley Hospital Medical Center Pomona ,OB/GYN Reza Ahmadinia - Apple Valley ,"PC III INT MED Anita Kundi R Anita Kundi, DO Chino ",
99,,PC I FP/COMM PSY John Cheng South Coast Medical Group Aliso Viejo ,SELEC - - ,SELEC - - ,SURG Brad Bartos Kaiser Permanente San Diego    Surgery Dept. San Diego ,FP/COMM PSY Stewart  Wilkey Waring Court Pediatric and Adult Medical Group Oceanside ,OB/GYN Anmar  Mansour Contemporary OB/GYN San Diego ,PEDS Sushil Anand Sunshine Pediatrics Upland ,EM Tiana Davison R San Gorgonio Memorial Hospital Banning ,INT MED - - ,PC III FP/COMM PSY Collin Teguh North Park Medical Center San Diego ,PC II CARDIO Payam Mehranpour Sharp Healthcare San Diego ,
100,,SELEC - - ,INT MED - - ,PEDS Sushil Anand Sunshine Pediatrics Upland ,PC II CARDIO Payam Mehranpour Sharp Healthcare San Diego ,SELEC - - ,"PC I INT MED Abayomi Odubela R Abayomi Odubela, MD Temecula ",OB/GYN Anmar Mansour Contemporary OB/GYN San Diego ,FP / COMM PSY John Cheng South Coast Medical Group Aliso Viejo ,SURG Brad Bartos Kaiser Permanente San Diego    Surgery Dept. San Diego ,PC III FP/COMM PSY John Cheng South Coast Medical Group Aliso Viejo ,EM Kenneth Moore Pomona Valley Hospital Medical Center Pomona ,
101,,PC I FP/COMM PSY John Cheng South Coast Medical Group Aliso Viejo GOOD,SELEC - - ,PC II UROL - Genesis Healthcare San Diego ,FP/COMM PSY Stewart  Wilkey Waring Court Pediatric and Adult Medical Group Oceanside ,SELEC - - ,INT MED - - ,SURG Brad Bartos Kaiser Permanente San Diego    Surgery Dept. San Diego GOOD,OB/GYN Anmar Mansour Contemporary OB/GYN San Diego  SUMMER,PEDS Sushil Anand Sunshine Pediatrics Upland ,PC III URGENT CARE John Cheng South Coast Medical Group Aliso Viejo GOOD,EM James Nelson Pioneers Memorial Hospital Brawley ,
102,,FP/COMM PSY John Cheng South Coast Medical Group Aliso Viejo GOOD,SURG Brad Bartos Kaiser Permanente San Diego    Surgery Dept. San Diego GOOD,OB/GYN Reza Ahmadinia St. Mary Medical Center Apple Valley ,PEDS Reza Ahmadinia St. Mary Medical Center Apple Valley ,SELEC - - ,EM Tiana Davison R San Gorgonio Memorial Hospital Banning ,"INT MED Abayomi Odubela R Abayomi Odubela, MD Temecula ",PC I FP/COMM PSY John Cheng South Coast Medical Group Aliso Viejo GOOD,SELEC - - ,PC II CARDIO Payam Mehranpour Sharp Healthcare San Diego ,PC III FP/COMM PSY Stewart  Wilkey Waring Court Pediatric and Adult Medical Group Oceanside ,
103,,INT MED - - ,"PC I INT MED Abayomi Odubela R Abayomi Odubela, MD Temecula ",SURG Brad Bartos Kaiser Permanente San Diego    Surgery Dept. San Diego ,FP / COMM PSY John Cheng South Coast Medical Group Aliso Viejo ,EM James Nelson Pioneers Memorial Hospital Brawley ,PEDS Sushil Anand Sunshine Pediatrics Upland ,PC II UROL - Genesis Healthcare San Diego ,SELEC - - ,PC III URGENT CARE John Cheng South Coast Medical Group Aliso Viejo ,SELEC - - ,OB/GYN Anmar Mansour Contemporary OB/GYN San Diego ,
104,,SELEC - - ,PC II GASTRO - Genesis Healthcare San Diego ,SURG Brad Bartos - San Diego ,INT MED - - ,OB/GYN Anmar  Mansour Contemporary OB/GYN San Diego ,FP/COMM PSY John Cheng South Coast Medical Group Aliso Viejo ,PC I FP/COMM PSY Collin Teguh North Park Medical Center San Diego ,PEDS Sushil Anand Sunshine Pediatrics Upland ,"PC III INT MED Abayomi Odubela R Abayomi Odubela, MD Temecula ",SELEC - - ,EM James Nelson Pioneers Memorial Hospital Brawley ,
105,,SELEC - - ,PEDS Sushil Anand Sunshine Pediatrics Upland ,PC I INT MED Abayomi Odubela Health Care Medical Group La Mesa ,SURG Brad Bartos Kaiser Permanente San Diego    Surgery Dept. San Diego ,INT MED - - ,EM James Nelson Pioneers Memorial Hospital Brawley ,FP/COMM PSY Stewart  Wilkey Waring Court Pediatric and Adult Medical Group Oceanside ,PC II GASTRO - Genesis Healthcare San Diego ,OB/GYN Anmar Mansour Contemporary OB/GYN San Diego ,PC III URGENT CARE John Cheng South Coast Medical Group Aliso Viejo ,SELEC - - ,
106,,PC II GASTRO - Genesis Healthcare San Diego ,SELEC - - ,PC I FP/COMM PSY Collin Teguh North Park Medical Center San Diego ,SURG Brad Bartos Kaiser Permanente San Diego    Surgery Dept. San Diego ,PEDS Sushil Anand Sunshine Pediatrics Upland ,EM James Nelson Pioneers Memorial Hospital Brawley ,INT MED - - ,FP/COMM PSY Stewart  Wilkey Waring Court Pediatric and Adult Medical Group Oceanside ,SELEC - - ,OB/GYN Anmar Mansour Contemporary OB/GYN San Diego ,PC III FP/COMM PSY John Cheng South Coast Medical Group Aliso Viejo ,
